fecha,demanda_gwh,precio_bolsa_cop_kwh,volumen_util_embalses_kwh,tipo_dia,ipc_var_anual_energia
2024-01-01,7.344694315833333,219.50949418673335,12161276400.0,Festivo,9.64
2024-01-02,8.612079434166663,398.2097396252,12100516400.0,Día normal,9.64
2024-01-03,8.952288429583335,459.9272147622998,12036493600.0,Día normal,9.64
2024-01-04,9.141994268749999,551.378045869833,11965384500.0,Día normal,9.64
2024-01-05,9.220106922500001,625.1486516063668,11885861900.0,Día normal,9.64
2024-01-06,8.843126470416667,627.5337874989998,11826911700.0,Fin de semana,9.64
2024-01-07,8.200566090833332,636.4361761939666,11770679100.0,Fin de semana,9.64
2024-01-08,8.355948302916667,636.6942828334996,11707966600.0,Festivo,9.64
2024-01-09,9.318802031249998,693.1357374615665,11629150900.0,Día normal,9.64
2024-01-10,9.625910266250001,664.4166666666666,11556859700.0,Día normal,9.64
2024-01-11,9.676068414166664,687.8977272800665,11469236200.0,Día normal,9.64
2024-01-12,9.872949164583332,666.2976382490333,11397426000.0,Día normal,9.64
2024-01-13,9.468673166666665,649.979991859767,11347837100.0,Fin de semana,9.64
2024-01-14,8.804417946666668,614.5591177958001,11315290800.0,Fin de semana,9.64
2024-01-15,9.799520503333332,616.0630441362331,11244267700.0,Día normal,9.64
2024-01-16,9.927048393749999,610.1589222795666,11162669900.0,Día normal,9.64
2024-01-17,9.806516329583333,589.4446908046999,11064141400.0,Día normal,9.64
2024-01-18,9.813347545,554.1208964131,10957117100.0,Día normal,9.64
2024-01-19,9.841835849583333,542.3722367708668,10847538900.0,Día normal,9.64
2024-01-20,9.399574755416667,526.9999086477668,10763902800.0,Fin de semana,9.64
2024-01-21,8.543180943749999,503.93887635173337,10692521900.0,Fin de semana,9.64
2024-01-22,9.606521363333334,503.5002988510666,10609356600.0,Día normal,9.64
2024-01-23,9.771624298333334,495.9873247034666,10519937500.0,Día normal,9.64
2024-01-24,9.784306981249998,491.05302440586667,10428227900.0,Día normal,9.64
2024-01-25,9.773621158333333,481.70497206789986,10337288500.0,Día normal,9.64
2024-01-26,9.80344540375,445.8845233513668,10230898400.0,Día normal,9.64
2024-01-27,9.399640990416666,468.73659898626653,10127616300.0,Fin de semana,9.64
2024-01-28,8.522107834583332,530.2159085613665,10034263900.0,Fin de semana,9.64
2024-01-29,9.835594793333334,599.2748051703998,9911849900.0,Día normal,9.64
2024-01-30,10.04799010041667,630.3237816286668,9796904900.0,Día normal,9.64
2024-01-31,9.942319054583333,638.5804818730331,9684670400.0,Día normal,9.64
2024-02-01,9.863413538750002,693.1838270487332,9603887100.0,Día normal,9.77
2024-02-02,9.53292495,690.6968547193669,9547047100.0,Día normal,9.77
2024-02-03,9.030947044583334,669.1527883965332,9538748200.0,Fin de semana,9.77
2024-02-04,8.269920409166668,629.4920175331002,9541810000.0,Fin de semana,9.77
2024-02-05,9.296584599166666,624.9515056947997,9506563800.0,Día normal,9.77
2024-02-06,9.400681378749997,559.5550855369669,9454012100.0,Día normal,9.77
2024-02-07,9.27618642625,565.8412764892997,9395419800.0,Día normal,9.77
2024-02-08,9.282257030833332,426.05151680730006,9320810500.0,Día normal,9.77
2024-02-09,9.42022836791667,516.2323517043001,9233688200.0,Día normal,9.77
2024-02-10,9.134797158749999,531.4995828389333,9170551400.0,Fin de semana,9.77
2024-02-11,8.464736756250002,542.3743687390335,9104711000.0,Fin de semana,9.77
2024-02-12,9.601376624166665,571.8202601961,9008699500.0,Día normal,9.77
2024-02-13,9.772202092916665,595.2458538636336,8910765900.0,Día normal,9.77
2024-02-14,9.839531769583333,607.5986365735334,8817927700.0,Día normal,9.77
2024-02-15,9.900811267916664,598.5606076844335,8734589400.0,Día normal,9.77
2024-02-16,9.956591120416666,537.5406530012666,8651917200.0,Día normal,9.77
2024-02-17,9.563198918333333,564.3453604646,8566693000.0,Fin de semana,9.77
2024-02-18,8.691887119583333,548.6548360106002,8505949700.0,Fin de semana,9.77
2024-02-19,9.732633910416666,576.8081717515998,8398835500.0,Día normal,9.77
2024-02-20,9.805944454999999,581.0022994404998,8295161800.0,Día normal,9.77
2024-02-21,9.603396928749998,601.4362943311997,8206650700.0,Día normal,9.77
2024-02-22,9.525531695416664,501.5144706941334,8141838200.0,Día normal,9.77
2024-02-23,9.602357169166668,569.9581097636332,8061835900.0,Día normal,9.77
2024-02-24,9.260040559166667,586.6584725901333,7992990000.0,Fin de semana,9.77
2024-02-25,8.422287995,539.8879915557335,7949506300.0,Fin de semana,9.77
2024-02-26,9.492103918333335,560.4254818769668,7866628500.0,Día normal,9.77
2024-02-27,9.730488194999998,534.448300274,7784996700.0,Día normal,9.77
2024-02-28,9.870604029999999,466.7721731884,7693937200.0,Día normal,9.77
2024-02-29,9.951296326666666,495.51180168903323,7604355000.0,Día normal,9.77
2024-03-01,9.849415314166663,482.66594859076685,7514756200.0,Día normal,9.58
2024-03-02,9.4471295975,494.3946267879334,7424399100.0,Fin de semana,9.58
2024-03-03,8.483959423333332,475.60082718456675,7361001900.0,Fin de semana,9.58
2024-03-04,9.841214710000001,487.18146245820003,7267010100.0,Día normal,9.58
2024-03-05,10.028308092916667,540.4586370980335,7180144300.0,Día normal,9.58
2024-03-06,10.145712969166668,544.6196586306667,7097042500.0,Día normal,9.58
2024-03-07,10.168404365416666,563.1061419328998,7011673500.0,Día normal,9.58
2024-03-08,10.276687605,543.4656360895667,6926567700.0,Día normal,9.58
2024-03-09,9.724971503333336,545.4726847142999,6869596600.0,Fin de semana,9.58
2024-03-10,8.882056577499998,560.0894009736667,6819872100.0,Fin de semana,9.58
2024-03-11,10.049462036666666,560.3143676822332,6770450200.0,Día normal,9.58
2024-03-12,10.218208744166667,589.2886326986996,6700785400.0,Día normal,9.58
2024-03-13,10.266053737083334,575.3850181025997,6602690100.0,Día normal,9.58
2024-03-14,10.308703514166668,539.9220938424336,6537700100.0,Día normal,9.58
2024-03-15,10.295074437083333,559.2369973329002,6441605100.0,Día normal,9.58
2024-03-16,9.873277942083332,576.1057871905665,6355557100.0,Fin de semana,9.58
2024-03-17,8.934222529583332,584.6208010102334,6299129800.0,Fin de semana,9.58
2024-03-18,10.148259574999999,518.0111999886332,6204737000.0,Día normal,9.58
2024-03-19,10.226043918750001,619.8054079483996,6133242000.0,Día normal,9.58
2024-03-20,10.125931870833332,625.8680169264331,6046994400.0,Día normal,9.58
2024-03-21,10.052999685833335,655.7352672274336,5978091100.0,Día normal,9.58
2024-03-22,10.107048503749997,708.6935026785333,5900956600.0,Día normal,9.58
2024-03-23,9.705119302083334,716.7199643373334,5823070700.0,Fin de semana,9.58
2024-03-24,8.965546380416665,653.3693657722669,5756010300.0,Fin de semana,9.58
2024-03-25,9.1627598925,737.6073915631001,5700605500.0,Festivo,9.58
2024-03-26,9.882866755833334,838.366295232567,5633693500.0,Día normal,9.58
2024-03-27,9.411308659166666,929.3804798359002,5585317100.0,Día normal,9.58
2024-03-28,8.539838620833333,854.2411340934333,5555901800.0,Festivo,9.58
2024-03-29,8.216519767083332,815.9071688132332,5530485500.0,Festivo,9.58
2024-03-30,8.827343076666665,758.7948796658666,5488067600.0,Fin de semana,9.58
2024-03-31,8.632227825416667,713.0421779207664,5469610000.0,Fin de semana,9.58
